{
  "task": "bboxVQA",
  "model": "healthgpt",
  "num_samples": 50,
  "macro_avg": {
    "bleu1": 0.18687578570747512,
    "bleu2": 0.12729781000059787,
    "bleu3": 0.0925537248143166,
    "bleu4": 0.06871160878143347,
    "rouge-1": 0.33598117393534355,
    "rouge-2": 0.14483257006715364,
    "rouge-l": 0.263200370735203,
    "em": 0.0,
    "f1": 0.3130730979190172,
    "precision": 0.23202198227582613,
    "recall": 0.5419034380203784,
    "bertscore_p": 0.5734285873174667,
    "bertscore_r": 0.6980942833423615,
    "bertscore_f1": 0.6286391431093216,
    "bertsim": 0.6919939535856247,
    "cider": 0.013500469467295186
  },
  "corpus": {
    "cider": 0.013500469467295186
  }
}