{
  "task": "compoundVQA",
  "model": "healthgpt",
  "num_samples": 50,
  "macro_avg": {
    "bleu1": 0.27849109586723214,
    "bleu2": 0.18569534888290828,
    "bleu3": 0.13289035957602702,
    "bleu4": 0.09819588000513053,
    "rouge-1": 0.3706656090512873,
    "rouge-2": 0.16996368565316086,
    "rouge-l": 0.33676364978896023,
    "em": 0.0,
    "f1": 0.3548423639808672,
    "precision": 0.2954916375623859,
    "recall": 0.4579573102321913,
    "bertscore_p": 0.6408989095687866,
    "bertscore_r": 0.6992527568340301,
    "bertscore_f1": 0.6683672165870667,
    "bertsim": 0.7952481353282929,
    "cider": 0.019593630398621692
  },
  "corpus": {
    "cider": 0.019593630398621692
  }
}