{
  "task": "multisubimageVQA",
  "model": "healthgpt",
  "num_samples": 50,
  "macro_avg": {
    "bleu1": 0.3535129833176876,
    "bleu2": 0.2302971146508843,
    "bleu3": 0.1601998756903599,
    "bleu4": 0.11342817798680302,
    "rouge-1": 0.39045285065010465,
    "rouge-2": 0.17367722379653333,
    "rouge-l": 0.3525113244049843,
    "em": 0.0,
    "f1": 0.37247247000826983,
    "precision": 0.34727893635420715,
    "recall": 0.4148400303498414,
    "bertscore_p": 0.6684588062763214,
    "bertscore_r": 0.690289912223816,
    "bertscore_f1": 0.6785677349567414,
    "bertsim": 0.7890906506776809,
    "cider": 0.06671090109680325
  },
  "corpus": {
    "cider": 0.06671090109680325
  }
}