{
  "task": "puretext",
  "model": "healthgpt",
  "num_samples": 50,
  "macro_avg": {
    "bleu1": 0.32720544079091746,
    "bleu2": 0.2233117070047237,
    "bleu3": 0.16005044021845338,
    "bleu4": 0.11769005245280072,
    "rouge-1": 0.41999963037017723,
    "rouge-2": 0.19443781247753214,
    "rouge-l": 0.3900519048325403,
    "em": 0.0,
    "f1": 0.4030164866960533,
    "precision": 0.3512142749146003,
    "recall": 0.4956331628933512,
    "bertscore_p": 0.666245818734169,
    "bertscore_r": 0.7166046881675721,
    "bertscore_f1": 0.689700938463211,
    "bertsim": 0.841975457906723,
    "cider": 0.07574080769775782
  },
  "corpus": {
    "cider": 0.07574080769775782
  }
}