{
  "task": "single-subimageVQA",
  "model": "healthgpt",
  "num_samples": 50,
  "macro_avg": {
    "bleu1": 0.3303971627089566,
    "bleu2": 0.21218471100022931,
    "bleu3": 0.14921952813010417,
    "bleu4": 0.10790855278246142,
    "rouge-1": 0.36985060950030757,
    "rouge-2": 0.17599915342913697,
    "rouge-l": 0.3187605875360559,
    "em": 0.0,
    "f1": 0.35582320903845177,
    "precision": 0.3410460753077579,
    "recall": 0.3980917347049138,
    "bertscore_p": 0.6723798561096191,
    "bertscore_r": 0.6974073922634125,
    "bertscore_f1": 0.6835799098014832,
    "bertsim": 0.7252387851476669,
    "cider": 0.5287145397039691
  },
  "corpus": {
    "cider": 0.5287145397039691
  }
}